"","x"
"1","bf9d70bc6d65bd1874fce3aa7894d077"
"2","01d454571201946481b2e43ba9cf04a0"
"3","6c6cf16fb21bef83332b62da58a75a45"
"4","052686d6eddfee9f88fd9f07d78e1091"
"5","bbcd03bb6a6db7faa0c9b64b57db0378"
"6","3e49921662e4a345b4622d5934d53d6e"
"7","dbf305dbafe365cc99ecc4eadc7444d4"
"8","64c23a21c4813090eb260dabea48dc73"
"9","7eefe15d7b7fe21d9d738748f5970d5f"
"10","0a2de7e900a6707120e06d4522ad2aa9"
"11","7a33c07ddb6911a68f986d35b27f5ed9"
"12","79d5d93fab96067284a2287b9af83c0e"
"13","0c5cae15a5000f232d20fd9ea3de7c7c"
"14","3efbe8151a949c3991e7b36a737fbc28"
"15","17c6403d246da69a72a02df4054d1ab3"
"16","9762dcf200543bcf2455b3be536fdd10"
"17","9fe942c1b6f524a6183c48f0f9e08970"
"18","801d20a5bd4c0f8ddd45ae129842b0bc"
"19","b8340222969eb765dbf2e38ae11213d6"
"20","547ad36376fa8a9118c08be553cdbb38"
"21","b7d65ae7bdb12816179f3ba5394d9f30"
"22","ea889d8d91959f9dee0280046d1af6bc"
"23","bbf3d7615dc4ba04cc4f1415d1816c34"
"24","e7d96b2fe3355e51fb2048bf773d81fc"
"25","96b7c8838e22ef7c937edbcd4357eb60"
"26","2ad48c84410b8053364fdea5cc59fd5b"
"27","627383f59d76e0c3252775dafe5e4cf4"
"28","5d9d318487d9efaafa7725500873769f"
"29","b4150558b269c64c85a5c79805ea4678"
"30","75dd60faa71c147cab0b13ed77335c81"
"31","8c65a274fb8f0969075b5cd3234caf08"
"32","9d8a12d500bf2da0fc70558372c48a67"
"33","c5cf062f1e3b23994e5d582c813a8beb"
"34","d159f1f43dce62bd72d8883079620f7d"
"35","59e1a64552c1040606034a2f7a319552"
"36","47240dc47352abaa4d9fa2a1fa5b85c7"
"37","517a2697e3989728f4582a6ab820aa66"
"38","85946a9914ab038f9270e29197bed817"
"39","9b46a32c53825f93354c8306ff33cdf7"
"40","9ca5cfba2789cf34abd4a5ccbf5f778c"
"41","d36a03310958a7b4daaee16b2830de9a"
"42","f83d44e5aa2b6baf70fead9112fdde02"
"43","158868490d319d182a1197b7fb081095"
"44","1e0dc7434fa3fc74b2ff0578b8caf6c8"
"45","2d8ef03e653454529b43311e977fdc6f"
